RV22wfrWN UM44vwTYY,-44
WYJ38tdqY G69wbhSVA,-69
IH11bwcXS BI35xfnKN,-35
LIB94acxRH IK90lbsFY,-90
OOX64uvzW G50arxWY,
XB35yuuN J54halZG,
YZQ28ndsE V54ftpXX,
BC71eknZS UC54wknYCK,
LPP10nhyUD Z61gpmUG,
KJL48dfqT NV69cgxND,
DSO83chqO X26mdAW,
YW34qgkLM K60fcwHM,
URZ04yhaL UU26zhkPTU,
PB71rbeU AN50vgkKXR,
DY14ncdXJ K52zwwAW,
IN30gihH RA75hnJUM,
DSQ76pciB M20wosAEU,
CM12yxjC T77cxJQF,
JPS74copQ KP96itgCMH,
OLW42kunV IM94asVUP,
DK93wwhK X36gkdOH,
RY90gbtJQ T46cjgLKK,
CKM33mivZ V58bduUCD,
BRE80oxdS K01nkRJ,
KW22rpoQ QE06alID,
MY15gktEJ A46yxaGS,
DT24kbaT S89taNC,
PZ83fpvU SK65lcLW,
XR89befCM A65aqtNRO,
FXA44rdtJ HH72ysOQD,